[{"pk": 1, "model": "contenttypes.contenttype", "fields": {"model": "logentry", "name": "log entry", "app_label": "admin"}}, {"pk": 2, "model": "contenttypes.contenttype", "fields": {"model": "permission", "name": "permission", "app_label": "auth"}}, {"pk": 3, "model": "contenttypes.contenttype", "fields": {"model": "group", "name": "group", "app_label": "auth"}}, {"pk": 4, "model": "contenttypes.contenttype", "fields": {"model": "user", "name": "user", "app_label": "auth"}}, {"pk": 5, "model": "contenttypes.contenttype", "fields": {"model": "contenttype", "name": "content type", "app_label": "contenttypes"}}, {"pk": 6, "model": "contenttypes.contenttype", "fields": {"model": "session", "name": "session", "app_label": "sessions"}}, {"pk": 7, "model": "contenttypes.contenttype", "fields": {"model": "session", "name": "session", "app_label": "user_sessions"}}, {"pk": 8, "model": "contenttypes.contenttype", "fields": {"model": "notification", "name": "notification", "app_label": "listing"}}, {"pk": 9, "model": "contenttypes.contenttype", "fields": {"model": "userprofile", "name": "user profile", "app_label": "listing"}}, {"pk": 10, "model": "contenttypes.contenttype", "fields": {"model": "product", "name": "product", "app_label": "listing"}}, {"pk": 11, "model": "contenttypes.contenttype", "fields": {"model": "taskmeta", "name": "task state", "app_label": "djcelery"}}, {"pk": 12, "model": "contenttypes.contenttype", "fields": {"model": "tasksetmeta", "name": "saved group result", "app_label": "djcelery"}}, {"pk": 13, "model": "contenttypes.contenttype", "fields": {"model": "intervalschedule", "name": "interval", "app_label": "djcelery"}}, {"pk": 14, "model": "contenttypes.contenttype", "fields": {"model": "crontabschedule", "name": "crontab", "app_label": "djcelery"}}, {"pk": 15, "model": "contenttypes.contenttype", "fields": {"model": "periodictasks", "name": "periodic tasks", "app_label": "djcelery"}}, {"pk": 16, "model": "contenttypes.contenttype", "fields": {"model": "periodictask", "name": "periodic task", "app_label": "djcelery"}}, {"pk": 17, "model": "contenttypes.contenttype", "fields": {"model": "workerstate", "name": "worker", "app_label": "djcelery"}}, {"pk": 18, "model": "contenttypes.contenttype", "fields": {"model": "taskstate", "name": "task", "app_label": "djcelery"}}, {"pk": 1, "model": "listing.notification", "fields": {"acting_user": "user0", "message": "user0 has placed an offer on product20", "time": "2014-08-13T09:43:23.062Z", "viewed": true, "title": "offer placed by user0"}}, {"pk": 2, "model": "listing.notification", "fields": {"acting_user": "user0", "message": "product20 has recieved a new offer by user0", "time": "2014-08-13T09:43:23.302Z", "viewed": true, "title": "placed by user0"}}, {"pk": 3, "model": "listing.notification", "fields": {"acting_user": "user4", "message": "user4 has placed an offer on test1", "time": "2014-08-13T09:54:34.804Z", "viewed": true, "title": "offer placed by user4"}}, {"pk": 4, "model": "listing.notification", "fields": {"acting_user": "user4", "message": "test1 has recieved a new offer by user4", "time": "2014-08-13T09:54:35.070Z", "viewed": true, "title": "placed by user4"}}, {"pk": 5, "model": "listing.notification", "fields": {"acting_user": "kartikeya", "message": "kartikeya has placed an offer on product18", "time": "2014-08-13T09:58:54.323Z", "viewed": true, "title": "offer placed by kartikeya"}}, {"pk": 6, "model": "listing.notification", "fields": {"acting_user": "kartikeya", "message": "product18 has recieved a new offer by kartikeya", "time": "2014-08-13T09:58:54.548Z", "viewed": true, "title": "placed by kartikeya"}}, {"pk": 7, "model": "listing.notification", "fields": {"acting_user": "user4", "message": "user4 has also shortlisted this listing product18", "time": "2014-08-13T09:59:09.192Z", "viewed": true, "title": "subscribed by user4"}}, {"pk": 8, "model": "listing.notification", "fields": {"acting_user": "user4", "message": "user4 has placed an offer on product18", "time": "2014-08-13T09:59:22.459Z", "viewed": true, "title": "offer placed by user4"}}, {"pk": 9, "model": "listing.notification", "fields": {"acting_user": "user4", "message": "product18 has recieved a new offer by user4", "time": "2014-08-13T09:59:22.712Z", "viewed": true, "title": "placed by user4"}}, {"pk": 10, "model": "listing.notification", "fields": {"acting_user": "user4", "message": "product18 has recieved a new offer by user4", "time": "2014-08-13T09:59:22.955Z", "viewed": true, "title": "placed by user4"}}, {"pk": 11, "model": "listing.notification", "fields": {"acting_user": "user4", "message": "product18 has recieved a new offer by user4", "time": "2014-08-13T09:59:23.255Z", "viewed": true, "title": "placed by user4"}}, {"pk": 12, "model": "listing.notification", "fields": {"acting_user": "user6", "message": "user6 has also shortlisted this listing test1", "time": "2014-08-13T10:06:13.490Z", "viewed": true, "title": "subscribed by user6"}}, {"pk": 13, "model": "listing.notification", "fields": {"acting_user": "user6", "message": "user6 has placed an offer on test1", "time": "2014-08-13T10:06:15.947Z", "viewed": true, "title": "offer placed by user6"}}, {"pk": 14, "model": "listing.notification", "fields": {"acting_user": "user6", "message": "test1 has recieved a new offer by user6", "time": "2014-08-13T10:06:16.195Z", "viewed": true, "title": "placed by user6"}}, {"pk": 15, "model": "listing.notification", "fields": {"acting_user": "user6", "message": "test1 has recieved a new offer by user6", "time": "2014-08-13T10:06:16.480Z", "viewed": true, "title": "placed by user6"}}, {"pk": 16, "model": "listing.notification", "fields": {"acting_user": "user6", "message": "test1 has recieved a new offer by user6", "time": "2014-08-13T10:06:16.755Z", "viewed": true, "title": "placed by user6"}}, {"pk": 17, "model": "listing.notification", "fields": {"acting_user": "kartikeya", "message": "kartikeya has also shortlisted this listing product15", "time": "2014-08-13T10:11:32.121Z", "viewed": true, "title": "subscribed by kartikeya"}}, {"pk": 18, "model": "listing.notification", "fields": {"acting_user": "user4", "message": "user4 has placed an offer on product15", "time": "2014-08-13T10:11:43.874Z", "viewed": true, "title": "offer placed by user4"}}, {"pk": 19, "model": "listing.notification", "fields": {"acting_user": "user4", "message": "product15 has recieved a new offer by user4", "time": "2014-08-13T10:11:44.135Z", "viewed": true, "title": "placed by user4"}}, {"pk": 20, "model": "listing.notification", "fields": {"acting_user": "user4", "message": "product15 has recieved a new offer by user4", "time": "2014-08-13T10:11:44.393Z", "viewed": true, "title": "placed by user4"}}, {"pk": 21, "model": "listing.notification", "fields": {"acting_user": "user4", "message": "user4 has also shortlisted this listing product10", "time": "2014-08-13T10:12:49.642Z", "viewed": true, "title": "subscribed by user4"}}, {"pk": 22, "model": "listing.notification", "fields": {"acting_user": "user4", "message": "user4 has placed an offer on product10", "time": "2014-08-13T10:12:58.224Z", "viewed": false, "title": "offer placed by user4"}}, {"pk": 23, "model": "listing.notification", "fields": {"acting_user": "user4", "message": "product10 has recieved a new offer by user4", "time": "2014-08-13T10:12:58.485Z", "viewed": true, "title": "placed by user4"}}, {"pk": 24, "model": "listing.notification", "fields": {"acting_user": "user4", "message": "product10 has recieved a new offer by user4", "time": "2014-08-13T10:12:58.744Z", "viewed": true, "title": "placed by user4"}}, {"pk": 25, "model": "listing.notification", "fields": {"acting_user": "kartikeya", "message": "kartikeya has placed an offer on product10", "time": "2014-08-13T10:13:06.427Z", "viewed": false, "title": "offer placed by kartikeya"}}, {"pk": 26, "model": "listing.notification", "fields": {"acting_user": "kartikeya", "message": "product10 has recieved a new offer by kartikeya", "time": "2014-08-13T10:13:06.702Z", "viewed": true, "title": "placed by kartikeya"}}, {"pk": 27, "model": "listing.notification", "fields": {"acting_user": "kartikeya", "message": "product10 has recieved a new offer by kartikeya", "time": "2014-08-13T10:13:06.968Z", "viewed": true, "title": "placed by kartikeya"}}, {"pk": 28, "model": "listing.notification", "fields": {"acting_user": "kartikeya", "message": "product10 has recieved a new offer by kartikeya", "time": "2014-08-13T10:13:07.227Z", "viewed": true, "title": "placed by kartikeya"}}, {"pk": 29, "model": "listing.notification", "fields": {"acting_user": "user7", "message": "user7 has placed an offer on product18", "time": "2014-08-13T10:18:31.765Z", "viewed": true, "title": "offer placed by user7"}}, {"pk": 30, "model": "listing.notification", "fields": {"acting_user": "user7", "message": "product18 has recieved a new offer by user7", "time": "2014-08-13T10:18:31.999Z", "viewed": true, "title": "placed by user7"}}, {"pk": 31, "model": "listing.notification", "fields": {"acting_user": "user7", "message": "product18 has recieved a new offer by user7", "time": "2014-08-13T10:18:32.231Z", "viewed": false, "title": "placed by user7"}}, {"pk": 32, "model": "listing.notification", "fields": {"acting_user": "user7", "message": "product18 has recieved a new offer by user7", "time": "2014-08-13T10:18:32.465Z", "viewed": true, "title": "placed by user7"}}, {"pk": 33, "model": "listing.notification", "fields": {"acting_user": "user7", "message": "product18 has recieved a new offer by user7", "time": "2014-08-13T10:18:32.698Z", "viewed": false, "title": "placed by user7"}}, {"pk": 34, "model": "listing.notification", "fields": {"acting_user": "user7", "message": "user7 has also shortlisted this listing product19", "time": "2014-08-13T10:20:32.054Z", "viewed": true, "title": "subscribed by user7"}}, {"pk": 35, "model": "listing.notification", "fields": {"acting_user": "user7", "message": "user7 has placed an offer on product19", "time": "2014-08-13T10:20:56.123Z", "viewed": true, "title": "offer placed by user7"}}, {"pk": 36, "model": "listing.notification", "fields": {"acting_user": "user7", "message": "product19 has recieved a new offer by user7", "time": "2014-08-13T10:20:56.369Z", "viewed": true, "title": "placed by user7"}}, {"pk": 37, "model": "listing.notification", "fields": {"acting_user": "user7", "message": "product19 has recieved a new offer by user7", "time": "2014-08-13T10:20:56.593Z", "viewed": true, "title": "placed by user7"}}, {"pk": 38, "model": "listing.notification", "fields": {"acting_user": "user7", "message": "user7 has also shortlisted this listing product16", "time": "2014-08-13T10:24:17.047Z", "viewed": true, "title": "subscribed by user7"}}, {"pk": 39, "model": "listing.notification", "fields": {"acting_user": "user7", "message": "user7 has placed an offer on product16", "time": "2014-08-13T10:24:20.891Z", "viewed": false, "title": "offer placed by user7"}}, {"pk": 40, "model": "listing.notification", "fields": {"acting_user": "user7", "message": "product16 has recieved a new offer by user7", "time": "2014-08-13T10:24:21.117Z", "viewed": true, "title": "placed by user7"}}, {"pk": 41, "model": "listing.notification", "fields": {"acting_user": "user7", "message": "product16 has recieved a new offer by user7", "time": "2014-08-13T10:24:21.359Z", "viewed": true, "title": "placed by user7"}}, {"pk": 42, "model": "listing.notification", "fields": {"acting_user": "user7", "message": "user7 has also shortlisted this listing product17", "time": "2014-08-13T10:27:08.185Z", "viewed": true, "title": "subscribed by user7"}}, {"pk": 43, "model": "listing.notification", "fields": {"acting_user": "user7", "message": "user7 has also shortlisted this listing product13", "time": "2014-08-13T10:27:52.907Z", "viewed": true, "title": "subscribed by user7"}}, {"pk": 44, "model": "listing.notification", "fields": {"acting_user": "user7", "message": "user7 has placed an offer on product13", "time": "2014-08-13T10:28:36.995Z", "viewed": false, "title": "offer placed by user7"}}, {"pk": 45, "model": "listing.notification", "fields": {"acting_user": "user7", "message": "product13 has recieved a new offer by user7", "time": "2014-08-13T10:28:37.249Z", "viewed": true, "title": "placed by user7"}}, {"pk": 46, "model": "listing.notification", "fields": {"acting_user": "user7", "message": "product13 has recieved a new offer by user7", "time": "2014-08-13T10:28:37.474Z", "viewed": true, "title": "placed by user7"}}, {"pk": 47, "model": "listing.notification", "fields": {"acting_user": "user3", "message": "user3 has placed an offer on product13", "time": "2014-08-13T10:28:48.714Z", "viewed": false, "title": "offer placed by user3"}}, {"pk": 48, "model": "listing.notification", "fields": {"acting_user": "user3", "message": "product13 has recieved a new offer by user3", "time": "2014-08-13T10:28:48.936Z", "viewed": true, "title": "placed by user3"}}, {"pk": 49, "model": "listing.notification", "fields": {"acting_user": "user3", "message": "product13 has recieved a new offer by user3", "time": "2014-08-13T10:28:49.163Z", "viewed": true, "title": "placed by user3"}}, {"pk": 50, "model": "listing.notification", "fields": {"acting_user": "user3", "message": "product13 has recieved a new offer by user3", "time": "2014-08-13T10:28:49.453Z", "viewed": true, "title": "placed by user3"}}, {"pk": 51, "model": "listing.notification", "fields": {"acting_user": "user3", "message": "user3 has also shortlisted this listing product10", "time": "2014-08-13T10:29:26.867Z", "viewed": true, "title": "subscribed by user3"}}, {"pk": 52, "model": "listing.notification", "fields": {"acting_user": "user3", "message": "user3 has also shortlisted this listing product10", "time": "2014-08-13T10:29:27.124Z", "viewed": false, "title": "subscribed by user3"}}, {"pk": 53, "model": "listing.notification", "fields": {"acting_user": "user7", "message": "user7 has also shortlisted this listing product10", "time": "2014-08-13T10:29:31.039Z", "viewed": true, "title": "subscribed by user7"}}, {"pk": 54, "model": "listing.notification", "fields": {"acting_user": "user7", "message": "user7 has also shortlisted this listing product10", "time": "2014-08-13T10:29:31.291Z", "viewed": true, "title": "subscribed by user7"}}, {"pk": 55, "model": "listing.notification", "fields": {"acting_user": "user7", "message": "user7 has also shortlisted this listing product10", "time": "2014-08-13T10:29:31.533Z", "viewed": false, "title": "subscribed by user7"}}, {"pk": 56, "model": "listing.notification", "fields": {"acting_user": "user7", "message": "user7 has placed an offer on product10", "time": "2014-08-13T10:29:34.619Z", "viewed": false, "title": "offer placed by user7"}}, {"pk": 57, "model": "listing.notification", "fields": {"acting_user": "user7", "message": "product10 has recieved a new offer by user7", "time": "2014-08-13T10:29:34.887Z", "viewed": true, "title": "placed by user7"}}, {"pk": 58, "model": "listing.notification", "fields": {"acting_user": "user7", "message": "product10 has recieved a new offer by user7", "time": "2014-08-13T10:29:35.152Z", "viewed": false, "title": "placed by user7"}}, {"pk": 59, "model": "listing.notification", "fields": {"acting_user": "user7", "message": "product10 has recieved a new offer by user7", "time": "2014-08-13T10:29:35.431Z", "viewed": true, "title": "placed by user7"}}, {"pk": 60, "model": "listing.notification", "fields": {"acting_user": "user7", "message": "product10 has recieved a new offer by user7", "time": "2014-08-13T10:29:35.656Z", "viewed": true, "title": "placed by user7"}}, {"pk": 61, "model": "listing.notification", "fields": {"acting_user": "user7", "message": "product10 has recieved a new offer by user7", "time": "2014-08-13T10:29:35.991Z", "viewed": true, "title": "placed by user7"}}, {"pk": 62, "model": "listing.notification", "fields": {"acting_user": "user7", "message": "product10 has recieved a new offer by user7", "time": "2014-08-13T10:29:36.223Z", "viewed": false, "title": "placed by user7"}}, {"pk": 63, "model": "listing.notification", "fields": {"acting_user": "user7", "message": "user7 has also shortlisted this listing product9", "time": "2014-08-13T10:31:31.370Z", "viewed": true, "title": "subscribed by user7"}}, {"pk": 64, "model": "listing.notification", "fields": {"acting_user": "user7", "message": "user7 has placed an offer on product201", "time": "2014-08-13T11:14:32.562Z", "viewed": true, "title": "offer placed by user7"}}, {"pk": 65, "model": "listing.notification", "fields": {"acting_user": "user7", "message": "product201 has recieved a new offer by user7", "time": "2014-08-13T11:14:32.814Z", "viewed": true, "title": "placed by user7"}}, {"pk": 66, "model": "listing.notification", "fields": {"acting_user": "user7", "message": "product201 has recieved a new offer by user7", "time": "2014-08-13T11:14:33.133Z", "viewed": true, "title": "placed by user7"}}, {"pk": 67, "model": "listing.notification", "fields": {"acting_user": "user4", "message": "user4 has also shortlisted this listing product19", "time": "2014-08-13T11:32:37.042Z", "viewed": true, "title": "subscribed by user4"}}, {"pk": 68, "model": "listing.notification", "fields": {"acting_user": "user4", "message": "user4 has also shortlisted this listing product19", "time": "2014-08-13T11:32:37.308Z", "viewed": true, "title": "subscribed by user4"}}, {"pk": 69, "model": "listing.notification", "fields": {"acting_user": "user4", "message": "user4 has placed an offer on product19", "time": "2014-08-13T11:32:46.051Z", "viewed": true, "title": "offer placed by user4"}}, {"pk": 70, "model": "listing.notification", "fields": {"acting_user": "user4", "message": "product19 has recieved a new offer by user4", "time": "2014-08-13T11:32:46.321Z", "viewed": true, "title": "placed by user4"}}, {"pk": 71, "model": "listing.notification", "fields": {"acting_user": "user4", "message": "product19 has recieved a new offer by user4", "time": "2014-08-13T11:32:46.601Z", "viewed": true, "title": "placed by user4"}}, {"pk": 72, "model": "listing.notification", "fields": {"acting_user": "user4", "message": "product19 has recieved a new offer by user4", "time": "2014-08-13T11:32:46.872Z", "viewed": true, "title": "placed by user4"}}, {"pk": 73, "model": "listing.notification", "fields": {"acting_user": "user4", "message": "product19 has recieved a new offer by user4", "time": "2014-08-13T11:32:47.131Z", "viewed": true, "title": "placed by user4"}}, {"pk": 74, "model": "listing.notification", "fields": {"acting_user": "user5", "message": "user5 has also shortlisted this listing test1", "time": "2014-08-13T17:53:33.733Z", "viewed": true, "title": "subscribed by user5"}}, {"pk": 75, "model": "listing.notification", "fields": {"acting_user": "user5", "message": "user5 has also shortlisted this listing test1", "time": "2014-08-13T17:53:34.019Z", "viewed": true, "title": "subscribed by user5"}}, {"pk": 76, "model": "listing.notification", "fields": {"acting_user": "user3", "message": "user3 has also shortlisted this listing test1", "time": "2014-08-13T17:53:58.605Z", "viewed": true, "title": "subscribed by user3"}}, {"pk": 77, "model": "listing.notification", "fields": {"acting_user": "user3", "message": "user3 has also shortlisted this listing test1", "time": "2014-08-13T17:53:58.877Z", "viewed": false, "title": "subscribed by user3"}}, {"pk": 78, "model": "listing.notification", "fields": {"acting_user": "user3", "message": "user3 has also shortlisted this listing test1", "time": "2014-08-13T17:53:59.127Z", "viewed": true, "title": "subscribed by user3"}}, {"pk": 79, "model": "listing.notification", "fields": {"acting_user": "user5", "message": "user5 has placed an offer on test1", "time": "2014-08-13T17:54:30.168Z", "viewed": false, "title": "offer placed by user5"}}, {"pk": 80, "model": "listing.notification", "fields": {"acting_user": "user5", "message": "test1 has recieved a new offer by user5", "time": "2014-08-13T17:54:30.423Z", "viewed": true, "title": "placed by user5"}}, {"pk": 81, "model": "listing.notification", "fields": {"acting_user": "user5", "message": "test1 has recieved a new offer by user5", "time": "2014-08-13T17:54:30.641Z", "viewed": true, "title": "placed by user5"}}, {"pk": 82, "model": "listing.notification", "fields": {"acting_user": "user5", "message": "test1 has recieved a new offer by user5", "time": "2014-08-13T17:54:30.869Z", "viewed": true, "title": "placed by user5"}}, {"pk": 83, "model": "listing.notification", "fields": {"acting_user": "user5", "message": "test1 has recieved a new offer by user5", "time": "2014-08-13T17:54:31.085Z", "viewed": true, "title": "placed by user5"}}, {"pk": 84, "model": "listing.notification", "fields": {"acting_user": "user5", "message": "test1 has recieved a new offer by user5", "time": "2014-08-13T17:54:31.435Z", "viewed": false, "title": "placed by user5"}}, {"pk": 85, "model": "listing.notification", "fields": {"acting_user": "user5", "message": "test1 has recieved a new offer by user5", "time": "2014-08-13T17:54:31.669Z", "viewed": true, "title": "placed by user5"}}, {"pk": 86, "model": "listing.notification", "fields": {"acting_user": "user7", "message": "user7 has also shortlisted this listing product6", "time": "2014-08-14T06:15:18.902Z", "viewed": true, "title": "subscribed by user7"}}, {"pk": 87, "model": "listing.notification", "fields": {"acting_user": "user3", "message": "user3 has also shortlisted this listing product201", "time": "2014-08-17T13:41:50.198Z", "viewed": true, "title": "subscribed by user3"}}, {"pk": 88, "model": "listing.notification", "fields": {"acting_user": "user7", "message": "user7 has also shortlisted this listing test1", "time": "2014-08-17T13:45:56.691Z", "viewed": true, "title": "subscribed by user7"}}, {"pk": 89, "model": "listing.notification", "fields": {"acting_user": "user7", "message": "user7 has also shortlisted this listing test1", "time": "2014-08-17T13:45:56.899Z", "viewed": false, "title": "subscribed by user7"}}, {"pk": 90, "model": "listing.notification", "fields": {"acting_user": "user7", "message": "user7 has also shortlisted this listing test1", "time": "2014-08-17T13:45:57.100Z", "viewed": false, "title": "subscribed by user7"}}, {"pk": 91, "model": "listing.notification", "fields": {"acting_user": "user7", "message": "user7 has also shortlisted this listing test1", "time": "2014-08-17T13:45:57.300Z", "viewed": true, "title": "subscribed by user7"}}, {"pk": 92, "model": "listing.notification", "fields": {"acting_user": "user7", "message": "user7 has placed an offer on test1", "time": "2014-08-17T13:46:43.564Z", "viewed": false, "title": "offer placed by user7"}}, {"pk": 93, "model": "listing.notification", "fields": {"acting_user": "user7", "message": "test1 has recieved a new offer by user7", "time": "2014-08-17T13:46:43.776Z", "viewed": false, "title": "placed by user7"}}, {"pk": 94, "model": "listing.notification", "fields": {"acting_user": "user7", "message": "test1 has recieved a new offer by user7", "time": "2014-08-17T13:46:44.009Z", "viewed": false, "title": "placed by user7"}}, {"pk": 95, "model": "listing.notification", "fields": {"acting_user": "user7", "message": "test1 has recieved a new offer by user7", "time": "2014-08-17T13:46:44.269Z", "viewed": true, "title": "placed by user7"}}, {"pk": 96, "model": "listing.notification", "fields": {"acting_user": "user7", "message": "test1 has recieved a new offer by user7", "time": "2014-08-17T13:46:44.470Z", "viewed": true, "title": "placed by user7"}}, {"pk": 97, "model": "listing.notification", "fields": {"acting_user": "user7", "message": "test1 has recieved a new offer by user7", "time": "2014-08-17T13:46:44.812Z", "viewed": false, "title": "placed by user7"}}, {"pk": 98, "model": "listing.notification", "fields": {"acting_user": "user7", "message": "test1 has recieved a new offer by user7", "time": "2014-08-17T13:46:45.046Z", "viewed": false, "title": "placed by user7"}}, {"pk": 99, "model": "listing.notification", "fields": {"acting_user": "user7", "message": "test1 has recieved a new offer by user7", "time": "2014-08-17T13:46:45.264Z", "viewed": true, "title": "placed by user7"}}, {"pk": 100, "model": "listing.notification", "fields": {"acting_user": "user7", "message": "test1 has recieved a new offer by user7", "time": "2014-08-17T13:46:45.472Z", "viewed": true, "title": "placed by user7"}}, {"pk": 101, "model": "listing.notification", "fields": {"acting_user": "user8", "message": "user8 has also shortlisted this listing product201", "time": "2014-08-17T14:10:35.400Z", "viewed": true, "title": "subscribed by user8"}}, {"pk": 102, "model": "listing.notification", "fields": {"acting_user": "user8", "message": "user8 has also shortlisted this listing product201", "time": "2014-08-17T14:10:35.669Z", "viewed": true, "title": "subscribed by user8"}}, {"pk": 103, "model": "listing.notification", "fields": {"acting_user": "user3", "message": "user3 has placed an offer on product201", "time": "2014-08-17T14:27:04.992Z", "viewed": false, "title": "offer placed by user3"}}, {"pk": 104, "model": "listing.notification", "fields": {"acting_user": "user3", "message": "product201 has recieved a new offer by user3", "time": "2014-08-17T14:27:05.247Z", "viewed": true, "title": "placed by user3"}}, {"pk": 105, "model": "listing.notification", "fields": {"acting_user": "user3", "message": "product201 has recieved a new offer by user3", "time": "2014-08-17T14:27:05.489Z", "viewed": true, "title": "placed by user3"}}, {"pk": 106, "model": "listing.notification", "fields": {"acting_user": "user3", "message": "product201 has recieved a new offer by user3", "time": "2014-08-17T14:27:05.715Z", "viewed": true, "title": "placed by user3"}}, {"pk": 107, "model": "listing.notification", "fields": {"acting_user": "user3", "message": "product201 has recieved a new offer by user3", "time": "2014-08-17T14:27:05.932Z", "viewed": true, "title": "placed by user3"}}, {"pk": 108, "model": "listing.notification", "fields": {"acting_user": "user3", "message": "product201 has recieved a new offer by user3", "time": "2014-08-17T14:27:06.249Z", "viewed": true, "title": "placed by user3"}}, {"pk": 109, "model": "listing.notification", "fields": {"acting_user": "user0", "message": "user0 has also shortlisted this listing product18", "time": "2014-08-17T14:41:20.451Z", "viewed": false, "title": "subscribed by user0"}}, {"pk": 110, "model": "listing.notification", "fields": {"acting_user": "user0", "message": "user0 has also shortlisted this listing product18", "time": "2014-08-17T14:41:20.694Z", "viewed": false, "title": "subscribed by user0"}}, {"pk": 111, "model": "listing.notification", "fields": {"acting_user": "user8", "message": "user8 has also shortlisted this listing product18", "time": "2014-08-17T14:42:46.640Z", "viewed": true, "title": "subscribed by user8"}}, {"pk": 112, "model": "listing.notification", "fields": {"acting_user": "user8", "message": "user8 has also shortlisted this listing product18", "time": "2014-08-17T14:42:46.919Z", "viewed": false, "title": "subscribed by user8"}}, {"pk": 113, "model": "listing.notification", "fields": {"acting_user": "user8", "message": "user8 has also shortlisted this listing product18", "time": "2014-08-17T14:42:47.120Z", "viewed": false, "title": "subscribed by user8"}}, {"pk": 114, "model": "listing.notification", "fields": {"acting_user": "user8", "message": "user8 has placed an offer on product18", "time": "2014-08-17T14:46:19.008Z", "viewed": true, "title": "offer placed by user8"}}, {"pk": 115, "model": "listing.notification", "fields": {"acting_user": "user8", "message": "product18 has recieved a new offer by user8", "time": "2014-08-17T14:46:19.287Z", "viewed": false, "title": "placed by user8"}}, {"pk": 116, "model": "listing.notification", "fields": {"acting_user": "user8", "message": "product18 has recieved a new offer by user8", "time": "2014-08-17T14:46:19.537Z", "viewed": true, "title": "placed by user8"}}, {"pk": 117, "model": "listing.notification", "fields": {"acting_user": "user8", "message": "product18 has recieved a new offer by user8", "time": "2014-08-17T14:46:19.747Z", "viewed": false, "title": "placed by user8"}}, {"pk": 118, "model": "listing.notification", "fields": {"acting_user": "user8", "message": "product18 has recieved a new offer by user8", "time": "2014-08-17T14:46:19.956Z", "viewed": true, "title": "placed by user8"}}, {"pk": 119, "model": "listing.notification", "fields": {"acting_user": "user8", "message": "product18 has recieved a new offer by user8", "time": "2014-08-17T14:46:20.275Z", "viewed": false, "title": "placed by user8"}}, {"pk": 120, "model": "listing.notification", "fields": {"acting_user": "user8", "message": "product18 has recieved a new offer by user8", "time": "2014-08-17T14:46:20.517Z", "viewed": true, "title": "placed by user8"}}, {"pk": 121, "model": "listing.notification", "fields": {"acting_user": "user8", "message": "product18 has recieved a new offer by user8", "time": "2014-08-17T14:46:20.738Z", "viewed": false, "title": "placed by user8"}}, {"pk": 122, "model": "listing.notification", "fields": {"acting_user": "user0", "message": "user0 has also shortlisted this listing product2", "time": "2014-08-17T14:48:13.951Z", "viewed": true, "title": "subscribed by user0"}}, {"pk": 123, "model": "listing.notification", "fields": {"acting_user": "user0", "message": "user0 has placed an offer on product2", "time": "2014-08-17T14:48:30.003Z", "viewed": false, "title": "offer placed by user0"}}, {"pk": 124, "model": "listing.notification", "fields": {"acting_user": "user0", "message": "product2 has recieved a new offer by user0", "time": "2014-08-17T14:48:30.238Z", "viewed": false, "title": "placed by user0"}}, {"pk": 125, "model": "listing.notification", "fields": {"acting_user": "user0", "message": "product2 has recieved a new offer by user0", "time": "2014-08-17T14:48:30.477Z", "viewed": true, "title": "placed by user0"}}, {"pk": 126, "model": "listing.notification", "fields": {"acting_user": "user8", "message": "user8 has placed an offer on product2", "time": "2014-08-17T14:49:59.438Z", "viewed": false, "title": "offer placed by user8"}}, {"pk": 127, "model": "listing.notification", "fields": {"acting_user": "user8", "message": "product2 has recieved a new offer by user8", "time": "2014-08-17T14:49:59.707Z", "viewed": false, "title": "placed by user8"}}, {"pk": 128, "model": "listing.notification", "fields": {"acting_user": "user8", "message": "product2 has recieved a new offer by user8", "time": "2014-08-17T14:49:59.925Z", "viewed": false, "title": "placed by user8"}}, {"pk": 129, "model": "listing.notification", "fields": {"acting_user": "user8", "message": "product2 has recieved a new offer by user8", "time": "2014-08-17T14:50:00.151Z", "viewed": true, "title": "placed by user8"}}, {"pk": 130, "model": "listing.notification", "fields": {"acting_user": "user0", "message": "user0 has also shortlisted this listing product15", "time": "2014-08-17T14:51:09.010Z", "viewed": false, "title": "subscribed by user0"}}, {"pk": 131, "model": "listing.notification", "fields": {"acting_user": "user0", "message": "user0 has also shortlisted this listing product15", "time": "2014-08-17T14:51:09.285Z", "viewed": false, "title": "subscribed by user0"}}, {"pk": 132, "model": "listing.notification", "fields": {"acting_user": "user8", "message": "user8 has also shortlisted this listing product15", "time": "2014-08-17T14:51:22.256Z", "viewed": false, "title": "subscribed by user8"}}, {"pk": 133, "model": "listing.notification", "fields": {"acting_user": "user8", "message": "user8 has also shortlisted this listing product15", "time": "2014-08-17T14:51:22.516Z", "viewed": false, "title": "subscribed by user8"}}, {"pk": 134, "model": "listing.notification", "fields": {"acting_user": "user8", "message": "user8 has also shortlisted this listing product15", "time": "2014-08-17T14:51:22.742Z", "viewed": false, "title": "subscribed by user8"}}, {"pk": 135, "model": "listing.notification", "fields": {"acting_user": "user7", "message": "user7 has also shortlisted this listing product3", "time": "2014-08-18T18:00:31.860Z", "viewed": true, "title": "subscribed by user7"}}, {"pk": 136, "model": "listing.notification", "fields": {"acting_user": "user6", "message": "user6 has also shortlisted this listing product3", "time": "2014-08-18T18:01:20.827Z", "viewed": true, "title": "subscribed by user6"}}, {"pk": 137, "model": "listing.notification", "fields": {"acting_user": "user6", "message": "user6 has also shortlisted this listing product3", "time": "2014-08-18T18:01:21.216Z", "viewed": true, "title": "subscribed by user6"}}, {"pk": 138, "model": "listing.notification", "fields": {"acting_user": "user8", "message": "user8 has also shortlisted this listing test1", "time": "2014-08-18T18:05:19.365Z", "viewed": false, "title": "subscribed by user8"}}, {"pk": 139, "model": "listing.notification", "fields": {"acting_user": "user8", "message": "user8 has also shortlisted this listing test1", "time": "2014-08-18T18:05:19.761Z", "viewed": false, "title": "subscribed by user8"}}, {"pk": 140, "model": "listing.notification", "fields": {"acting_user": "user8", "message": "user8 has also shortlisted this listing test1", "time": "2014-08-18T18:05:20.053Z", "viewed": false, "title": "subscribed by user8"}}, {"pk": 141, "model": "listing.notification", "fields": {"acting_user": "user8", "message": "user8 has also shortlisted this listing test1", "time": "2014-08-18T18:05:20.355Z", "viewed": false, "title": "subscribed by user8"}}, {"pk": 142, "model": "listing.notification", "fields": {"acting_user": "user8", "message": "user8 has also shortlisted this listing test1", "time": "2014-08-18T18:05:20.601Z", "viewed": false, "title": "subscribed by user8"}}, {"pk": 143, "model": "listing.notification", "fields": {"acting_user": "user8", "message": "user8 has also shortlisted this listing test1", "time": "2014-08-18T18:05:20.907Z", "viewed": true, "title": "subscribed by user8"}}, {"pk": 144, "model": "listing.notification", "fields": {"acting_user": "r7", "message": "r7 has also shortlisted this listing test1", "time": "2014-08-18T18:13:44.518Z", "viewed": false, "title": "subscribed by r7"}}, {"pk": 145, "model": "listing.notification", "fields": {"acting_user": "r7", "message": "r7 has also shortlisted this listing test1", "time": "2014-08-18T18:13:44.946Z", "viewed": false, "title": "subscribed by r7"}}, {"pk": 146, "model": "listing.notification", "fields": {"acting_user": "r7", "message": "r7 has also shortlisted this listing test1", "time": "2014-08-18T18:13:45.196Z", "viewed": false, "title": "subscribed by r7"}}, {"pk": 147, "model": "listing.notification", "fields": {"acting_user": "r7", "message": "r7 has also shortlisted this listing test1", "time": "2014-08-18T18:13:45.446Z", "viewed": false, "title": "subscribed by r7"}}, {"pk": 148, "model": "listing.notification", "fields": {"acting_user": "r7", "message": "r7 has also shortlisted this listing test1", "time": "2014-08-18T18:13:45.680Z", "viewed": false, "title": "subscribed by r7"}}, {"pk": 149, "model": "listing.notification", "fields": {"acting_user": "r7", "message": "r7 has also shortlisted this listing test1", "time": "2014-08-18T18:13:45.915Z", "viewed": true, "title": "subscribed by r7"}}, {"pk": 150, "model": "listing.notification", "fields": {"acting_user": "r7", "message": "r7 has placed an offer on test1", "time": "2014-08-18T18:13:53.180Z", "viewed": false, "title": "offer placed by r7"}}, {"pk": 151, "model": "listing.notification", "fields": {"acting_user": "r7", "message": "test1 has recieved a new offer by r7", "time": "2014-08-18T18:13:53.582Z", "viewed": false, "title": "placed by r7"}}, {"pk": 152, "model": "listing.notification", "fields": {"acting_user": "r7", "message": "test1 has recieved a new offer by r7", "time": "2014-08-18T18:13:53.816Z", "viewed": false, "title": "placed by r7"}}, {"pk": 153, "model": "listing.notification", "fields": {"acting_user": "r7", "message": "test1 has recieved a new offer by r7", "time": "2014-08-18T18:13:54.051Z", "viewed": false, "title": "placed by r7"}}, {"pk": 154, "model": "listing.notification", "fields": {"acting_user": "r7", "message": "test1 has recieved a new offer by r7", "time": "2014-08-18T18:13:54.302Z", "viewed": false, "title": "placed by r7"}}, {"pk": 155, "model": "listing.notification", "fields": {"acting_user": "r7", "message": "test1 has recieved a new offer by r7", "time": "2014-08-18T18:13:54.545Z", "viewed": true, "title": "placed by r7"}}, {"pk": 156, "model": "listing.notification", "fields": {"acting_user": "r7", "message": "test1 has recieved a new offer by r7", "time": "2014-08-18T18:13:54.779Z", "viewed": false, "title": "placed by r7"}}, {"pk": 157, "model": "listing.notification", "fields": {"acting_user": "r7", "message": "test1 has recieved a new offer by r7", "time": "2014-08-18T18:13:55.021Z", "viewed": false, "title": "placed by r7"}}, {"pk": 158, "model": "listing.notification", "fields": {"acting_user": "r7", "message": "test1 has recieved a new offer by r7", "time": "2014-08-18T18:13:55.382Z", "viewed": false, "title": "placed by r7"}}, {"pk": 159, "model": "listing.notification", "fields": {"acting_user": "r7", "message": "test1 has recieved a new offer by r7", "time": "2014-08-18T18:13:55.748Z", "viewed": false, "title": "placed by r7"}}, {"pk": 160, "model": "listing.notification", "fields": {"acting_user": "r7", "message": "test1 has recieved a new offer by r7", "time": "2014-08-18T18:13:56.057Z", "viewed": false, "title": "placed by r7"}}, {"pk": 161, "model": "listing.notification", "fields": {"acting_user": "r7", "message": "test1 has recieved a new offer by r7", "time": "2014-08-18T18:13:56.293Z", "viewed": true, "title": "placed by r7"}}, {"pk": 162, "model": "listing.notification", "fields": {"acting_user": "r7", "message": "test1 has recieved a new offer by r7", "time": "2014-08-18T18:13:56.526Z", "viewed": true, "title": "placed by r7"}}, {"pk": 163, "model": "listing.notification", "fields": {"acting_user": "r7", "message": "r7 has placed an offer on test1", "time": "2014-08-18T18:13:57.034Z", "viewed": false, "title": "offer placed by r7"}}, {"pk": 164, "model": "listing.notification", "fields": {"acting_user": "r7", "message": "test1 has recieved a new offer by r7", "time": "2014-08-18T18:13:57.356Z", "viewed": false, "title": "placed by r7"}}, {"pk": 165, "model": "listing.notification", "fields": {"acting_user": "r7", "message": "test1 has recieved a new offer by r7", "time": "2014-08-18T18:13:57.596Z", "viewed": false, "title": "placed by r7"}}, {"pk": 166, "model": "listing.notification", "fields": {"acting_user": "r7", "message": "test1 has recieved a new offer by r7", "time": "2014-08-18T18:13:57.838Z", "viewed": false, "title": "placed by r7"}}, {"pk": 167, "model": "listing.notification", "fields": {"acting_user": "r7", "message": "test1 has recieved a new offer by r7", "time": "2014-08-18T18:13:58.080Z", "viewed": false, "title": "placed by r7"}}, {"pk": 168, "model": "listing.notification", "fields": {"acting_user": "r7", "message": "test1 has recieved a new offer by r7", "time": "2014-08-18T18:13:58.317Z", "viewed": true, "title": "placed by r7"}}, {"pk": 169, "model": "listing.notification", "fields": {"acting_user": "r7", "message": "test1 has recieved a new offer by r7", "time": "2014-08-18T18:13:58.636Z", "viewed": false, "title": "placed by r7"}}, {"pk": 170, "model": "listing.notification", "fields": {"acting_user": "r7", "message": "test1 has recieved a new offer by r7", "time": "2014-08-18T18:13:58.901Z", "viewed": false, "title": "placed by r7"}}, {"pk": 171, "model": "listing.notification", "fields": {"acting_user": "r7", "message": "test1 has recieved a new offer by r7", "time": "2014-08-18T18:13:59.202Z", "viewed": false, "title": "placed by r7"}}, {"pk": 172, "model": "listing.notification", "fields": {"acting_user": "r7", "message": "test1 has recieved a new offer by r7", "time": "2014-08-18T18:13:59.436Z", "viewed": false, "title": "placed by r7"}}, {"pk": 173, "model": "listing.notification", "fields": {"acting_user": "r7", "message": "test1 has recieved a new offer by r7", "time": "2014-08-18T18:13:59.670Z", "viewed": false, "title": "placed by r7"}}, {"pk": 174, "model": "listing.notification", "fields": {"acting_user": "r7", "message": "test1 has recieved a new offer by r7", "time": "2014-08-18T18:14:00.014Z", "viewed": true, "title": "placed by r7"}}, {"pk": 175, "model": "listing.notification", "fields": {"acting_user": "r7", "message": "test1 has recieved a new offer by r7", "time": "2014-08-18T18:14:00.257Z", "viewed": true, "title": "placed by r7"}}, {"pk": 176, "model": "listing.notification", "fields": {"acting_user": "user8", "message": "user8 has placed an offer on test1", "time": "2014-08-18T18:15:37.129Z", "viewed": false, "title": "offer placed by user8"}}, {"pk": 177, "model": "listing.notification", "fields": {"acting_user": "user8", "message": "test1 has recieved a new offer by user8", "time": "2014-08-18T18:15:37.705Z", "viewed": false, "title": "placed by user8"}}, {"pk": 178, "model": "listing.notification", "fields": {"acting_user": "user8", "message": "test1 has recieved a new offer by user8", "time": "2014-08-18T18:15:37.948Z", "viewed": false, "title": "placed by user8"}}, {"pk": 179, "model": "listing.notification", "fields": {"acting_user": "user8", "message": "test1 has recieved a new offer by user8", "time": "2014-08-18T18:15:38.190Z", "viewed": false, "title": "placed by user8"}}, {"pk": 180, "model": "listing.notification", "fields": {"acting_user": "user8", "message": "test1 has recieved a new offer by user8", "time": "2014-08-18T18:15:38.415Z", "viewed": false, "title": "placed by user8"}}, {"pk": 181, "model": "listing.notification", "fields": {"acting_user": "user8", "message": "test1 has recieved a new offer by user8", "time": "2014-08-18T18:15:38.660Z", "viewed": true, "title": "placed by user8"}}, {"pk": 182, "model": "listing.notification", "fields": {"acting_user": "user8", "message": "test1 has recieved a new offer by user8", "time": "2014-08-18T18:15:38.979Z", "viewed": true, "title": "placed by user8"}}, {"pk": 183, "model": "listing.notification", "fields": {"acting_user": "user8", "message": "test1 has recieved a new offer by user8", "time": "2014-08-18T18:15:39.304Z", "viewed": false, "title": "placed by user8"}}, {"pk": 184, "model": "listing.notification", "fields": {"acting_user": "user8", "message": "test1 has recieved a new offer by user8", "time": "2014-08-18T18:15:39.538Z", "viewed": false, "title": "placed by user8"}}, {"pk": 185, "model": "listing.notification", "fields": {"acting_user": "user8", "message": "test1 has recieved a new offer by user8", "time": "2014-08-18T18:15:39.788Z", "viewed": false, "title": "placed by user8"}}, {"pk": 186, "model": "listing.notification", "fields": {"acting_user": "user8", "message": "test1 has recieved a new offer by user8", "time": "2014-08-18T18:15:40.014Z", "viewed": false, "title": "placed by user8"}}, {"pk": 187, "model": "listing.notification", "fields": {"acting_user": "user8", "message": "test1 has recieved a new offer by user8", "time": "2014-08-18T18:15:40.258Z", "viewed": false, "title": "placed by user8"}}, {"pk": 188, "model": "listing.notification", "fields": {"acting_user": "user8", "message": "test1 has recieved a new offer by user8", "time": "2014-08-18T18:15:40.493Z", "viewed": true, "title": "placed by user8"}}, {"pk": 189, "model": "listing.notification", "fields": {"acting_user": "user8", "message": "test1 has recieved a new offer by user8", "time": "2014-08-18T18:15:40.870Z", "viewed": true, "title": "placed by user8"}}, {"pk": 190, "model": "listing.notification", "fields": {"acting_user": "user1", "message": "user1 has also shortlisted this listing product19", "time": "2014-08-19T05:03:21.027Z", "viewed": false, "title": "subscribed by user1"}}, {"pk": 191, "model": "listing.notification", "fields": {"acting_user": "user1", "message": "user1 has also shortlisted this listing product19", "time": "2014-08-19T05:03:21.264Z", "viewed": false, "title": "subscribed by user1"}}, {"pk": 192, "model": "listing.notification", "fields": {"acting_user": "user1", "message": "user1 has also shortlisted this listing product19", "time": "2014-08-19T05:03:21.496Z", "viewed": false, "title": "subscribed by user1"}}, {"pk": 193, "model": "listing.notification", "fields": {"acting_user": "user1", "message": "user1 has also shortlisted this listing product19", "time": "2014-08-19T05:03:21.730Z", "viewed": false, "title": "subscribed by user1"}}, {"pk": 1, "model": "listing.product", "fields": {"description": "This is product1", "title": "product1", "price": 19.0, "placed_users": [], "owner": 8, "subscribers": [7], "time": "2014-08-13T09:42:21.534Z", "image3": "media/product1c.jpg", "image2": "media/product1b.jpg", "image1": "media/product1.jpg"}}, {"pk": 2, "model": "listing.product", "fields": {"description": "This is product2", "title": "product2", "price": 29.0, "placed_users": [1, 7, 8, 9], "owner": 10, "subscribers": [1, 7, 8, 9], "time": "2014-08-13T09:42:21.710Z", "image3": "media/product2c.jpg", "image2": "media/product2b.jpg", "image1": "media/product2.jpg"}}, {"pk": 3, "model": "listing.product", "fields": {"description": "This is product3", "title": "product3", "price": 39.0, "placed_users": [], "owner": 4, "subscribers": [7, 8], "time": "2014-08-13T09:42:21.869Z", "image3": "media/product3c.jpg", "image2": "media/product3b.jpg", "image1": "media/product3.jpg"}}, {"pk": 4, "model": "listing.product", "fields": {"description": "This is product4", "title": "product4", "price": 49.0, "placed_users": [], "owner": 5, "subscribers": [], "time": "2014-08-13T09:42:22.021Z", "image3": "media/product4c.jpg", "image2": "media/product4b.jpg", "image1": "media/product4.jpg"}}, {"pk": 5, "model": "listing.product", "fields": {"description": "This is product5", "title": "product5", "price": 59.0, "placed_users": [], "owner": 5, "subscribers": [], "time": "2014-08-13T09:42:22.163Z", "image3": "media/product5c.jpg", "image2": "media/product5b.jpg", "image1": "media/product5.jpg"}}, {"pk": 6, "model": "listing.product", "fields": {"description": "This is product6", "title": "product6", "price": 69.0, "placed_users": [], "owner": 6, "subscribers": [8, 9], "time": "2014-08-13T09:42:22.305Z", "image3": "media/product6c.jpg", "image2": "media/product6b.jpg", "image1": "media/product6.jpg"}}, {"pk": 7, "model": "listing.product", "fields": {"description": "This is product7", "title": "product7", "price": 79.0, "placed_users": [], "owner": 4, "subscribers": [], "time": "2014-08-13T09:42:22.514Z", "image3": "media/product7c.jpg", "image2": "media/product7b.jpg", "image1": "media/product7.jpg"}}, {"pk": 8, "model": "listing.product", "fields": {"description": "This is product8", "title": "product8", "price": 89.0, "placed_users": [], "owner": 7, "subscribers": [], "time": "2014-08-13T09:42:22.780Z", "image3": "media/product8c.jpg", "image2": "media/product8b.jpg", "image1": "media/product8.jpg"}}, {"pk": 9, "model": "listing.product", "fields": {"description": "This is product9", "title": "product9", "price": 99.0, "placed_users": [], "owner": 3, "subscribers": [4, 8], "time": "2014-08-13T09:42:22.939Z", "image3": "media/product9c.jpg", "image2": "media/product9b.jpg", "image1": "media/product9.jpg"}}, {"pk": 10, "model": "listing.product", "fields": {"description": "This is product10", "title": "product10", "price": 109.0, "placed_users": [5, 8, 11], "owner": 10, "subscribers": [4, 5, 8, 11], "time": "2014-08-13T09:42:23.100Z", "image3": "media/product10c.jpg", "image2": "media/product10b.jpg", "image1": "media/product10.jpg"}}, {"pk": 11, "model": "listing.product", "fields": {"description": "This is product11", "title": "product11", "price": 119.0, "placed_users": [], "owner": 5, "subscribers": [], "time": "2014-08-13T09:42:23.250Z", "image3": "media/product11c.jpg", "image2": "media/product11b.jpg", "image1": "media/product11.jpg"}}, {"pk": 12, "model": "listing.product", "fields": {"description": "This is product12", "title": "product12", "price": 129.0, "placed_users": [], "owner": 8, "subscribers": [], "time": "2014-08-13T09:42:23.384Z", "image3": "media/product12c.jpg", "image2": "media/product12b.jpg", "image1": "media/product12.jpg"}}, {"pk": 13, "model": "listing.product", "fields": {"description": "This is product13", "title": "product13", "price": 139.0, "placed_users": [4, 8], "owner": 3, "subscribers": [4, 8], "time": "2014-08-13T09:42:23.543Z", "image3": "media/product13c.jpg", "image2": "media/product13b.jpg", "image1": "media/product13.jpg"}}, {"pk": 14, "model": "listing.product", "fields": {"description": "This is product14", "title": "product14", "price": 149.0, "placed_users": [], "owner": 3, "subscribers": [], "time": "2014-08-13T09:42:23.685Z", "image3": "media/product14c.jpg", "image2": "media/product14b.jpg", "image1": "media/product14.jpg"}}, {"pk": 15, "model": "listing.product", "fields": {"description": "This is product15", "title": "product15", "price": 159.0, "placed_users": [5], "owner": 4, "subscribers": [1, 5, 9, 11], "time": "2014-08-13T09:42:23.827Z", "image3": "media/product15c.jpg", "image2": "media/product15b.jpg", "image1": "media/product15.jpg"}}, {"pk": 16, "model": "listing.product", "fields": {"description": "This is product16", "title": "product16", "price": 169.0, "placed_users": [8], "owner": 2, "subscribers": [4, 8], "time": "2014-08-13T09:42:23.978Z", "image3": "media/product16c.jpg", "image2": "media/product16b.jpg", "image1": "media/product16.jpg"}}, {"pk": 17, "model": "listing.product", "fields": {"description": "This is product17", "title": "product17", "price": 179.0, "placed_users": [], "owner": 7, "subscribers": [4, 8], "time": "2014-08-13T09:42:24.137Z", "image3": "media/product17c.jpg", "image2": "media/product17b.jpg", "image1": "media/product17.jpg"}}, {"pk": 18, "model": "listing.product", "fields": {"description": "This is product18", "title": "product18", "price": 189.0, "placed_users": [5, 8, 9, 11], "owner": 4, "subscribers": [1, 5, 9, 11], "time": "2014-08-13T09:42:24.297Z", "image3": "media/product18c.jpg", "image2": "media/product18b.jpg", "image1": "media/product18.jpg"}}, {"pk": 19, "model": "listing.product", "fields": {"description": "This is product19", "title": "product19", "price": 199.0, "placed_users": [5, 8], "owner": 6, "subscribers": [2, 4, 5, 8], "time": "2014-08-13T09:42:24.447Z", "image3": "media/product19c.jpg", "image2": "media/product19b.jpg", "image1": "media/product19.jpg"}}, {"pk": 20, "model": "listing.product", "fields": {"description": "This is product201", "title": "product201", "price": 209.01, "placed_users": [1, 4, 8], "owner": 5, "subscribers": [1, 4, 9], "time": "2014-08-13T09:42:24.606Z", "image3": "media/product20c.jpg", "image2": "media/product20b.jpg", "image1": "media/product20.jpg"}}, {"pk": 21, "model": "listing.product", "fields": {"description": "This is test1 prod", "title": "test1", "price": 10.0, "placed_users": [5, 6, 7, 8, 9, 13], "owner": 11, "subscribers": [4, 5, 6, 7, 8, 9, 13], "time": "2014-08-13T09:48:51.438Z", "image3": "item_image/coat.jpg", "image2": "item_image/tablet.jpeg", "image1": "item_image/car2.jpg"}}, {"pk": 1, "model": "djcelery.taskmeta", "fields": {"status": "SUCCESS", "task_id": "83b44552-b81a-423f-a50d-1a8753e0f568", "date_done": "2014-08-18T18:00:32.123Z", "traceback": null, "meta": "eJxrYKotZIzgYGBgSM7IzEkpSs2LLdYDADylBhk=", "result": null, "hidden": false}}, {"pk": 2, "model": "djcelery.taskmeta", "fields": {"status": "SUCCESS", "task_id": "283bbebc-0106-40a1-9cc9-61123bf5bcd7", "date_done": "2014-08-18T18:01:21.467Z", "traceback": null, "meta": "eJxrYKotZIzgYGBgSM7IzEkpSs2LLdYDADylBhk=", "result": null, "hidden": false}}, {"pk": 3, "model": "djcelery.taskmeta", "fields": {"status": "SUCCESS", "task_id": "085223c9-e9be-481d-9f1f-26e210d1c2ef", "date_done": "2014-08-18T18:05:21.160Z", "traceback": null, "meta": "eJxrYKotZIzgYGBgSM7IzEkpSs2LLdYDADylBhk=", "result": null, "hidden": false}}, {"pk": 4, "model": "djcelery.taskmeta", "fields": {"status": "SUCCESS", "task_id": "788b9535-b8b2-4240-b73a-1777061a6dda", "date_done": "2014-08-18T18:13:46.152Z", "traceback": null, "meta": "eJxrYKotZIzgYGBgSM7IzEkpSs2LLdYDADylBhk=", "result": null, "hidden": false}}, {"pk": 5, "model": "djcelery.taskmeta", "fields": {"status": "SUCCESS", "task_id": "e3871fa6-6dcf-4b9a-9f46-0e169d763842", "date_done": "2014-08-18T18:13:56.852Z", "traceback": null, "meta": "eJxrYKotZIzgYGBgSM7IzEkpSs2LLdYDADylBhk=", "result": null, "hidden": false}}, {"pk": 6, "model": "djcelery.taskmeta", "fields": {"status": "SUCCESS", "task_id": "31bc1192-a71b-4a92-aa3b-b03a851673db", "date_done": "2014-08-18T18:14:00.658Z", "traceback": null, "meta": "eJxrYKotZIzgYGBgSM7IzEkpSs2LLdYDADylBhk=", "result": null, "hidden": false}}, {"pk": 7, "model": "djcelery.taskmeta", "fields": {"status": "SUCCESS", "task_id": "4f4fa60d-5abd-4d42-aaa0-5349a82c0c41", "date_done": "2014-08-18T18:15:41.269Z", "traceback": null, "meta": "eJxrYKotZIzgYGBgSM7IzEkpSs2LLdYDADylBhk=", "result": null, "hidden": false}}, {"pk": 8, "model": "djcelery.taskmeta", "fields": {"status": "SUCCESS", "task_id": "d748865d-c126-44d6-9fd3-3f7cd02ccde5", "date_done": "2014-08-19T05:03:21.973Z", "traceback": null, "meta": "eJxrYKotZIzgYGBgSM7IzEkpSs2LLdYDADylBhk=", "result": null, "hidden": false}}, {"pk": 1, "model": "auth.permission", "fields": {"codename": "add_logentry", "name": "Can add log entry", "content_type": 1}}, {"pk": 2, "model": "auth.permission", "fields": {"codename": "change_logentry", "name": "Can change log entry", "content_type": 1}}, {"pk": 3, "model": "auth.permission", "fields": {"codename": "delete_logentry", "name": "Can delete log entry", "content_type": 1}}, {"pk": 4, "model": "auth.permission", "fields": {"codename": "add_permission", "name": "Can add permission", "content_type": 2}}, {"pk": 5, "model": "auth.permission", "fields": {"codename": "change_permission", "name": "Can change permission", "content_type": 2}}, {"pk": 6, "model": "auth.permission", "fields": {"codename": "delete_permission", "name": "Can delete permission", "content_type": 2}}, {"pk": 7, "model": "auth.permission", "fields": {"codename": "add_group", "name": "Can add group", "content_type": 3}}, {"pk": 8, "model": "auth.permission", "fields": {"codename": "change_group", "name": "Can change group", "content_type": 3}}, {"pk": 9, "model": "auth.permission", "fields": {"codename": "delete_group", "name": "Can delete group", "content_type": 3}}, {"pk": 10, "model": "auth.permission", "fields": {"codename": "add_user", "name": "Can add user", "content_type": 4}}, {"pk": 11, "model": "auth.permission", "fields": {"codename": "change_user", "name": "Can change user", "content_type": 4}}, {"pk": 12, "model": "auth.permission", "fields": {"codename": "delete_user", "name": "Can delete user", "content_type": 4}}, {"pk": 13, "model": "auth.permission", "fields": {"codename": "add_contenttype", "name": "Can add content type", "content_type": 5}}, {"pk": 14, "model": "auth.permission", "fields": {"codename": "change_contenttype", "name": "Can change content type", "content_type": 5}}, {"pk": 15, "model": "auth.permission", "fields": {"codename": "delete_contenttype", "name": "Can delete content type", "content_type": 5}}, {"pk": 16, "model": "auth.permission", "fields": {"codename": "add_session", "name": "Can add session", "content_type": 6}}, {"pk": 17, "model": "auth.permission", "fields": {"codename": "change_session", "name": "Can change session", "content_type": 6}}, {"pk": 18, "model": "auth.permission", "fields": {"codename": "delete_session", "name": "Can delete session", "content_type": 6}}, {"pk": 19, "model": "auth.permission", "fields": {"codename": "add_session", "name": "Can add session", "content_type": 7}}, {"pk": 20, "model": "auth.permission", "fields": {"codename": "change_session", "name": "Can change session", "content_type": 7}}, {"pk": 21, "model": "auth.permission", "fields": {"codename": "delete_session", "name": "Can delete session", "content_type": 7}}, {"pk": 22, "model": "auth.permission", "fields": {"codename": "add_notification", "name": "Can add notification", "content_type": 8}}, {"pk": 23, "model": "auth.permission", "fields": {"codename": "change_notification", "name": "Can change notification", "content_type": 8}}, {"pk": 24, "model": "auth.permission", "fields": {"codename": "delete_notification", "name": "Can delete notification", "content_type": 8}}, {"pk": 25, "model": "auth.permission", "fields": {"codename": "add_userprofile", "name": "Can add user profile", "content_type": 9}}, {"pk": 26, "model": "auth.permission", "fields": {"codename": "change_userprofile", "name": "Can change user profile", "content_type": 9}}, {"pk": 27, "model": "auth.permission", "fields": {"codename": "delete_userprofile", "name": "Can delete user profile", "content_type": 9}}, {"pk": 28, "model": "auth.permission", "fields": {"codename": "add_product", "name": "Can add product", "content_type": 10}}, {"pk": 29, "model": "auth.permission", "fields": {"codename": "change_product", "name": "Can change product", "content_type": 10}}, {"pk": 30, "model": "auth.permission", "fields": {"codename": "delete_product", "name": "Can delete product", "content_type": 10}}, {"pk": 31, "model": "auth.permission", "fields": {"codename": "add_taskmeta", "name": "Can add task state", "content_type": 11}}, {"pk": 32, "model": "auth.permission", "fields": {"codename": "change_taskmeta", "name": "Can change task state", "content_type": 11}}, {"pk": 33, "model": "auth.permission", "fields": {"codename": "delete_taskmeta", "name": "Can delete task state", "content_type": 11}}, {"pk": 34, "model": "auth.permission", "fields": {"codename": "add_tasksetmeta", "name": "Can add saved group result", "content_type": 12}}, {"pk": 35, "model": "auth.permission", "fields": {"codename": "change_tasksetmeta", "name": "Can change saved group result", "content_type": 12}}, {"pk": 36, "model": "auth.permission", "fields": {"codename": "delete_tasksetmeta", "name": "Can delete saved group result", "content_type": 12}}, {"pk": 37, "model": "auth.permission", "fields": {"codename": "add_intervalschedule", "name": "Can add interval", "content_type": 13}}, {"pk": 38, "model": "auth.permission", "fields": {"codename": "change_intervalschedule", "name": "Can change interval", "content_type": 13}}, {"pk": 39, "model": "auth.permission", "fields": {"codename": "delete_intervalschedule", "name": "Can delete interval", "content_type": 13}}, {"pk": 40, "model": "auth.permission", "fields": {"codename": "add_crontabschedule", "name": "Can add crontab", "content_type": 14}}, {"pk": 41, "model": "auth.permission", "fields": {"codename": "change_crontabschedule", "name": "Can change crontab", "content_type": 14}}, {"pk": 42, "model": "auth.permission", "fields": {"codename": "delete_crontabschedule", "name": "Can delete crontab", "content_type": 14}}, {"pk": 43, "model": "auth.permission", "fields": {"codename": "add_periodictasks", "name": "Can add periodic tasks", "content_type": 15}}, {"pk": 44, "model": "auth.permission", "fields": {"codename": "change_periodictasks", "name": "Can change periodic tasks", "content_type": 15}}, {"pk": 45, "model": "auth.permission", "fields": {"codename": "delete_periodictasks", "name": "Can delete periodic tasks", "content_type": 15}}, {"pk": 46, "model": "auth.permission", "fields": {"codename": "add_periodictask", "name": "Can add periodic task", "content_type": 16}}, {"pk": 47, "model": "auth.permission", "fields": {"codename": "change_periodictask", "name": "Can change periodic task", "content_type": 16}}, {"pk": 48, "model": "auth.permission", "fields": {"codename": "delete_periodictask", "name": "Can delete periodic task", "content_type": 16}}, {"pk": 49, "model": "auth.permission", "fields": {"codename": "add_workerstate", "name": "Can add worker", "content_type": 17}}, {"pk": 50, "model": "auth.permission", "fields": {"codename": "change_workerstate", "name": "Can change worker", "content_type": 17}}, {"pk": 51, "model": "auth.permission", "fields": {"codename": "delete_workerstate", "name": "Can delete worker", "content_type": 17}}, {"pk": 52, "model": "auth.permission", "fields": {"codename": "add_taskstate", "name": "Can add task", "content_type": 18}}, {"pk": 53, "model": "auth.permission", "fields": {"codename": "change_taskstate", "name": "Can change task", "content_type": 18}}, {"pk": 54, "model": "auth.permission", "fields": {"codename": "delete_taskstate", "name": "Can delete task", "content_type": 18}}, {"pk": 1, "model": "auth.user", "fields": {"username": "zahid", "first_name": "", "last_name": "", "is_active": true, "is_superuser": true, "is_staff": true, "last_login": "2014-08-13T11:08:57.547Z", "groups": [], "user_permissions": [], "password": "pbkdf2_sha256$12000$2CKNA0wl5zRN$Notalq0UkNpHowtU484vp2etPRSBr1jQp4ZGbQo/NFk=", "email": "zah@jddj.dsf", "date_joined": "2014-08-13T09:41:19.530Z"}}, {"pk": 2, "model": "auth.user", "fields": {"username": "user0", "first_name": "", "last_name": "", "is_active": true, "is_superuser": false, "is_staff": false, "last_login": "2014-08-17T14:39:36.757Z", "groups": [], "user_permissions": [], "password": "pbkdf2_sha256$12000$qNOMZoioXmQA$0JE/7kY7YxMVzdW6ANi/iW4JLtzgW6qXhDkTGdJPbsk=", "email": "user0@user0.user0", "date_joined": "2014-08-13T09:41:29.353Z"}}, {"pk": 3, "model": "auth.user", "fields": {"username": "user1", "first_name": "", "last_name": "", "is_active": true, "is_superuser": false, "is_staff": false, "last_login": "2014-08-19T05:03:10.263Z", "groups": [], "user_permissions": [], "password": "pbkdf2_sha256$12000$yNUCpD0x3DrQ$VRBylHZ89gq4Z0x7yi4Lnzo7bcTyks2xxHLIpazJSII=", "email": "user1@user1.user1", "date_joined": "2014-08-13T09:41:29.739Z"}}, {"pk": 4, "model": "auth.user", "fields": {"username": "user2", "first_name": "", "last_name": "", "is_active": true, "is_superuser": false, "is_staff": false, "last_login": "2014-08-13T09:41:30.124Z", "groups": [], "user_permissions": [], "password": "pbkdf2_sha256$12000$3CSIupPhJiOY$FoKPERoDSaHcCfNxsRp+PT7/pPY4HCzW/PAZbrm4dUc=", "email": "user2@user2.user2", "date_joined": "2014-08-13T09:41:30.124Z"}}, {"pk": 5, "model": "auth.user", "fields": {"username": "user3", "first_name": "", "last_name": "", "is_active": true, "is_superuser": false, "is_staff": false, "last_login": "2014-08-18T18:03:25.646Z", "groups": [], "user_permissions": [], "password": "pbkdf2_sha256$12000$4pcFy7mngY4L$D9pqEsAf/l91ujwuaCm0wRMFLac68m1cEmhyfFIhgwQ=", "email": "user3@user3.user3", "date_joined": "2014-08-13T09:41:30.624Z"}}, {"pk": 6, "model": "auth.user", "fields": {"username": "user4", "first_name": "", "last_name": "", "is_active": true, "is_superuser": false, "is_staff": false, "last_login": "2014-08-17T13:40:19.348Z", "groups": [], "user_permissions": [], "password": "pbkdf2_sha256$12000$01eAIVJwOWJG$CbpjU/UWDTeJI6ZA/yACWrjn70LSm/YkNNoa4WMuVNY=", "email": "user4@user4.user4", "date_joined": "2014-08-13T09:41:31.027Z"}}, {"pk": 7, "model": "auth.user", "fields": {"username": "user5", "first_name": "", "last_name": "", "is_active": true, "is_superuser": false, "is_staff": false, "last_login": "2014-08-13T17:53:22.378Z", "groups": [], "user_permissions": [], "password": "pbkdf2_sha256$12000$fedV8bnFsYnx$3BPRQDJV2KF4n4oOjyluuTOFRXzQK/1eZCvUcxnQ8gk=", "email": "user5@user5.user5", "date_joined": "2014-08-13T09:41:31.403Z"}}, {"pk": 8, "model": "auth.user", "fields": {"username": "user6", "first_name": "", "last_name": "", "is_active": true, "is_superuser": false, "is_staff": false, "last_login": "2014-08-18T17:40:42.740Z", "groups": [], "user_permissions": [], "password": "pbkdf2_sha256$12000$Hs2nI61zIYvO$kfyg77so4h70PGRWg9wuK8OVk3fB1c0tnWjyis/kFeQ=", "email": "user6@user6.user6", "date_joined": "2014-08-13T09:41:31.912Z"}}, {"pk": 9, "model": "auth.user", "fields": {"username": "user7", "first_name": "", "last_name": "", "is_active": true, "is_superuser": false, "is_staff": false, "last_login": "2014-08-18T17:40:22.653Z", "groups": [], "user_permissions": [], "password": "pbkdf2_sha256$12000$CEP02k7neHbB$QqVRtXa/7BCjKwWRH2SZb4t7fjJushKc4fCmErn/9tA=", "email": "user7@user7.user7", "date_joined": "2014-08-13T09:41:32.331Z"}}, {"pk": 10, "model": "auth.user", "fields": {"username": "user8", "first_name": "", "last_name": "", "is_active": true, "is_superuser": false, "is_staff": false, "last_login": "2014-08-18T18:11:37.823Z", "groups": [], "user_permissions": [], "password": "pbkdf2_sha256$12000$44NGqTB87oGh$N3wYByNdpFoujGm/LGmARZ1UjqFcJ3AVaCuqepdNodo=", "email": "user8@user8.user8", "date_joined": "2014-08-13T09:41:32.757Z"}}, {"pk": 11, "model": "auth.user", "fields": {"username": "user9", "first_name": "", "last_name": "", "is_active": true, "is_superuser": false, "is_staff": false, "last_login": "2014-08-17T14:05:30.443Z", "groups": [], "user_permissions": [], "password": "pbkdf2_sha256$12000$8WOEhr8hqezX$gsh+Z2ao9DdbETt8crGVnYZd11cvy9lvhFxp7U/NMsk=", "email": "user9@user9.user9", "date_joined": "2014-08-13T09:41:33.174Z"}}, {"pk": 12, "model": "auth.user", "fields": {"username": "kartikeya", "first_name": "", "last_name": "", "is_active": true, "is_superuser": false, "is_staff": false, "last_login": "2014-08-13T10:10:52.214Z", "groups": [], "user_permissions": [], "password": "pbkdf2_sha256$12000$u3xT4JaG8RYj$gT0CkricUzojT0X+OyOEAvKjH9K9WXXFAX2BcDrnpE8=", "email": "k@rtike.ya", "date_joined": "2014-08-13T09:45:00.503Z"}}, {"pk": 13, "model": "auth.user", "fields": {"username": "r7", "first_name": "", "last_name": "", "is_active": true, "is_superuser": false, "is_staff": false, "last_login": "2014-08-18T18:12:41.700Z", "groups": [], "user_permissions": [], "password": "pbkdf2_sha256$12000$DhQJVEPXwq1F$qKOLJU3FxvVdimte+XgZMigNuQhFvC/3ggLPzeEg3Vs=", "email": "r@h.com", "date_joined": "2014-08-18T18:12:28.571Z"}}, {"pk": 14, "model": "auth.user", "fields": {"username": "r6", "first_name": "", "last_name": "", "is_active": true, "is_superuser": false, "is_staff": false, "last_login": "2014-08-18T18:58:34.750Z", "groups": [], "user_permissions": [], "password": "pbkdf2_sha256$12000$QAsVSMDxHgB8$BOVhKwxJn3LC3tEsM/ofVGSyk7Ih0mD+waxF17tboBA=", "email": "r@h.com", "date_joined": "2014-08-18T18:58:34.750Z"}}, {"pk": "12a6i7lfeif0xdnz0n5wkyzn4r9c8iqz", "model": "user_sessions.session", "fields": {"ip": "127.0.0.1", "last_activity": "2014-08-13T17:52:18.012Z", "user_agent": "Mozilla/5.0 (X11; Linux x86_64) AppleWebKit/537.36 (KHTML, like Gecko) Ubuntu Chromium/36.0.1985.125 Chrome/36.0.1985.125 Safari/537.36", "expire_date": "2014-08-27T17:52:18.012Z", "session_data": "NWVkZTUyNWQ2ZjYzMDFiOTc1OGM3ZjdmZjZiMTg1YjcwYmJmY2IzNzp7Il9hdXRoX3VzZXJfYmFja2VuZCI6ImRqYW5nby5jb250cmliLmF1dGguYmFja2VuZHMuTW9kZWxCYWNrZW5kIiwiX2F1dGhfdXNlcl9pZCI6NX0=", "user": 5}}, {"pk": "1g5qronpksqs0rqi0wa674hllk86h1yb", "model": "user_sessions.session", "fields": {"ip": "223.225.69.151", "last_activity": "2014-08-17T14:39:19.226Z", "user_agent": "Mozilla/5.0 (X11; Ubuntu; Linux x86_64; rv:31.0) Gecko/20100101 Firefox/31.0", "expire_date": "2014-08-31T14:39:19.225Z", "session_data": "ZTE0NTMyMjc4ZmY4MzA3MjIyYjY0NzIyOWE0MTI2ZmFiZGJhZDNlZjp7Il9hdXRoX3VzZXJfYmFja2VuZCI6ImRqYW5nby5jb250cmliLmF1dGguYmFja2VuZHMuTW9kZWxCYWNrZW5kIiwiX2F1dGhfdXNlcl9pZCI6Mn0=", "user": 2}}, {"pk": "30pf9gqkbnnhn48hri8631rm36kd3mmr", "model": "user_sessions.session", "fields": {"ip": "127.0.0.1", "last_activity": "2014-08-18T17:40:22.838Z", "user_agent": "Mozilla/5.0 (X11; Linux x86_64) AppleWebKit/537.36 (KHTML, like Gecko) Chrome/36.0.1985.143 Safari/537.36", "expire_date": "2014-09-01T17:40:22.837Z", "session_data": "NjI5MzgxNDU0M2E5ZWIzNGMyMjZkOTg2YTdiOGUxNDZjYjYxMjJhODp7Il9hdXRoX3VzZXJfYmFja2VuZCI6ImRqYW5nby5jb250cmliLmF1dGguYmFja2VuZHMuTW9kZWxCYWNrZW5kIiwiX2F1dGhfdXNlcl9pZCI6OX0=", "user": 9}}, {"pk": "4xr4heii8h3vaeekbf7ub5i52c42lgxk", "model": "user_sessions.session", "fields": {"ip": "223.176.243.184", "last_activity": "2014-08-17T14:41:03.394Z", "user_agent": "Mozilla/5.0 (X11; Ubuntu; Linux x86_64; rv:31.0) Gecko/20100101 Firefox/31.0", "expire_date": "2014-08-31T14:41:03.394Z", "session_data": "ZTE0NTMyMjc4ZmY4MzA3MjIyYjY0NzIyOWE0MTI2ZmFiZGJhZDNlZjp7Il9hdXRoX3VzZXJfYmFja2VuZCI6ImRqYW5nby5jb250cmliLmF1dGguYmFja2VuZHMuTW9kZWxCYWNrZW5kIiwiX2F1dGhfdXNlcl9pZCI6Mn0=", "user": 2}}, {"pk": "7f7urz6zgc28tlxzlfl4seg96mnxa8fi", "model": "user_sessions.session", "fields": {"ip": "223.180.199.222", "last_activity": "2014-08-17T13:45:44.611Z", "user_agent": "Mozilla/5.0 (Linux; Android 4.4.4; XT1022 Build/KXC21.5-40) AppleWebKit/537.36 (KHTML, like Gecko) Chrome/36.0.1985.135 Mobile Safari/537.36", "expire_date": "2014-08-31T13:45:44.611Z", "session_data": "NjI5MzgxNDU0M2E5ZWIzNGMyMjZkOTg2YTdiOGUxNDZjYjYxMjJhODp7Il9hdXRoX3VzZXJfYmFja2VuZCI6ImRqYW5nby5jb250cmliLmF1dGguYmFja2VuZHMuTW9kZWxCYWNrZW5kIiwiX2F1dGhfdXNlcl9pZCI6OX0=", "user": 9}}, {"pk": "7ufkvrrg1tw0npuvu6gbu2xx6po06hzg", "model": "user_sessions.session", "fields": {"ip": "116.202.36.232", "last_activity": "2014-08-17T14:42:35.007Z", "user_agent": "Mozilla/5.0 (X11; Linux x86_64) AppleWebKit/537.36 (KHTML, like Gecko) Ubuntu Chromium/36.0.1985.125 Chrome/36.0.1985.125 Safari/537.36", "expire_date": "2014-08-31T14:42:35.007Z", "session_data": "NWM4ZTVkZThiYWQzMjIzMmUyOGUyYzY2Y2QyZDAzNTI4ZmY1MTRmMjp7Il9hdXRoX3VzZXJfYmFja2VuZCI6ImRqYW5nby5jb250cmliLmF1dGguYmFja2VuZHMuTW9kZWxCYWNrZW5kIiwiX2F1dGhfdXNlcl9pZCI6MTB9", "user": 10}}, {"pk": "8ejg2ovc55swyu9d51op5m3gmjuab3cf", "model": "user_sessions.session", "fields": {"ip": "180.215.174.252", "last_activity": "2014-08-18T18:11:37.932Z", "user_agent": "Mozilla/5.0 (X11; Ubuntu; Linux x86_64; rv:31.0) Gecko/20100101 Firefox/31.0", "expire_date": "2014-09-01T18:11:37.932Z", "session_data": "NWM4ZTVkZThiYWQzMjIzMmUyOGUyYzY2Y2QyZDAzNTI4ZmY1MTRmMjp7Il9hdXRoX3VzZXJfYmFja2VuZCI6ImRqYW5nby5jb250cmliLmF1dGguYmFja2VuZHMuTW9kZWxCYWNrZW5kIiwiX2F1dGhfdXNlcl9pZCI6MTB9", "user": 10}}, {"pk": "8yc0boozygf2zoywganbrqp11ejx80v5", "model": "user_sessions.session", "fields": {"ip": "127.0.0.1", "last_activity": "2014-08-18T18:02:12.742Z", "user_agent": "Mozilla/5.0 (X11; Ubuntu; Linux x86_64; rv:31.0) Gecko/20100101 Firefox/31.0", "expire_date": "2014-09-01T18:02:12.741Z", "session_data": "NWM4ZTVkZThiYWQzMjIzMmUyOGUyYzY2Y2QyZDAzNTI4ZmY1MTRmMjp7Il9hdXRoX3VzZXJfYmFja2VuZCI6ImRqYW5nby5jb250cmliLmF1dGguYmFja2VuZHMuTW9kZWxCYWNrZW5kIiwiX2F1dGhfdXNlcl9pZCI6MTB9", "user": 10}}, {"pk": "92ojnhzviuxsprvfsmudrcthi0sa7sf6", "model": "user_sessions.session", "fields": {"ip": "223.180.199.222", "last_activity": "2014-08-17T14:25:56.711Z", "user_agent": "Mozilla/5.0 (Linux; Android 4.4.4; XT1022 Build/KXC21.5-40) AppleWebKit/537.36 (KHTML, like Gecko) Chrome/36.0.1985.135 Mobile Safari/537.36", "expire_date": "2014-08-31T14:25:56.711Z", "session_data": "NWM4ZTVkZThiYWQzMjIzMmUyOGUyYzY2Y2QyZDAzNTI4ZmY1MTRmMjp7Il9hdXRoX3VzZXJfYmFja2VuZCI6ImRqYW5nby5jb250cmliLmF1dGguYmFja2VuZHMuTW9kZWxCYWNrZW5kIiwiX2F1dGhfdXNlcl9pZCI6MTB9", "user": 10}}, {"pk": "bevxj79uq6moa6dtj3nntxrviuvxporm", "model": "user_sessions.session", "fields": {"ip": "116.202.36.232", "last_activity": "2014-08-17T14:08:05.484Z", "user_agent": "Mozilla/5.0 (X11; Linux x86_64) AppleWebKit/537.36 (KHTML, like Gecko) Ubuntu Chromium/36.0.1985.125 Chrome/36.0.1985.125 Safari/537.36", "expire_date": "2014-08-31T14:08:05.483Z", "session_data": "NWM4ZTVkZThiYWQzMjIzMmUyOGUyYzY2Y2QyZDAzNTI4ZmY1MTRmMjp7Il9hdXRoX3VzZXJfYmFja2VuZCI6ImRqYW5nby5jb250cmliLmF1dGguYmFja2VuZHMuTW9kZWxCYWNrZW5kIiwiX2F1dGhfdXNlcl9pZCI6MTB9", "user": 10}}, {"pk": "d1lfpzsdpfud9fmdhgghnjkekpqj6ewn", "model": "user_sessions.session", "fields": {"ip": "127.0.0.1", "last_activity": "2014-08-19T05:03:10.580Z", "user_agent": "Mozilla/5.0 (X11; Linux x86_64) AppleWebKit/537.36 (KHTML, like Gecko) Chrome/36.0.1985.125 Safari/537.36", "expire_date": "2014-09-02T05:03:10.579Z", "session_data": "NTYzODIzNjExNzJiYzgxOGUzMWI5OWJkOTk3NTI5ZTJjMzVkZTZlNjp7Il9hdXRoX3VzZXJfYmFja2VuZCI6ImRqYW5nby5jb250cmliLmF1dGguYmFja2VuZHMuTW9kZWxCYWNrZW5kIiwiX2F1dGhfdXNlcl9pZCI6M30=", "user": 3}}, {"pk": "fa5hrcssf3oz850sv28m8jrs3kwjev88", "model": "user_sessions.session", "fields": {"ip": "127.0.0.1", "last_activity": "2014-08-13T10:17:35.687Z", "user_agent": "Mozilla/5.0 (X11; Ubuntu; Linux x86_64; rv:31.0) Gecko/20100101 Firefox/31.0", "expire_date": "2014-08-27T10:17:35.687Z", "session_data": "NjI5MzgxNDU0M2E5ZWIzNGMyMjZkOTg2YTdiOGUxNDZjYjYxMjJhODp7Il9hdXRoX3VzZXJfYmFja2VuZCI6ImRqYW5nby5jb250cmliLmF1dGguYmFja2VuZHMuTW9kZWxCYWNrZW5kIiwiX2F1dGhfdXNlcl9pZCI6OX0=", "user": 9}}, {"pk": "ijm9axxdp2ak1bng7w5x2l00d0i527z7", "model": "user_sessions.session", "fields": {"ip": "127.0.0.1", "last_activity": "2014-08-13T17:53:22.495Z", "user_agent": "Mozilla/5.0 (X11; Linux x86_64) AppleWebKit/537.36 (KHTML, like Gecko) Ubuntu Chromium/36.0.1985.125 Chrome/36.0.1985.125 Safari/537.36", "expire_date": "2014-08-27T17:53:22.495Z", "session_data": "ZDdlYjg3YzEwOWI2NDFkZWM0Njk2ZDNlYTZmNGYyMTM0NjI5M2ZiNDp7Il9hdXRoX3VzZXJfYmFja2VuZCI6ImRqYW5nby5jb250cmliLmF1dGguYmFja2VuZHMuTW9kZWxCYWNrZW5kIiwiX2F1dGhfdXNlcl9pZCI6N30=", "user": 7}}, {"pk": "im0uzjbuhpk1pudpwtvrk567hwchbz8z", "model": "user_sessions.session", "fields": {"ip": "127.0.0.1", "last_activity": "2014-08-14T06:36:20.062Z", "user_agent": "Mozilla/5.0 (X11; Linux x86_64) AppleWebKit/537.36 (KHTML, like Gecko) Ubuntu Chromium/36.0.1985.125 Chrome/36.0.1985.125 Safari/537.36", "expire_date": "2014-08-28T06:36:20.062Z", "session_data": "NTYzODIzNjExNzJiYzgxOGUzMWI5OWJkOTk3NTI5ZTJjMzVkZTZlNjp7Il9hdXRoX3VzZXJfYmFja2VuZCI6ImRqYW5nby5jb250cmliLmF1dGguYmFja2VuZHMuTW9kZWxCYWNrZW5kIiwiX2F1dGhfdXNlcl9pZCI6M30=", "user": 3}}, {"pk": "jm4kc2hwnphs90fy7875wbjzinxxbzuf", "model": "user_sessions.session", "fields": {"ip": "127.0.0.1", "last_activity": "2014-08-18T18:03:25.761Z", "user_agent": "Mozilla/5.0 (X11; Linux x86_64) AppleWebKit/537.36 (KHTML, like Gecko) Ubuntu Chromium/36.0.1985.125 Chrome/36.0.1985.125 Safari/537.36", "expire_date": "2014-09-01T18:03:25.761Z", "session_data": "NTYwNjJiZGUzOTFiYjYzMmIzMjQyOGU2ZDRjMDM0Yzk3ZDhhYTc3ODp7Il9hdXRoX3VzZXJfaWQiOjUsIl9hdXRoX3VzZXJfYmFja2VuZCI6ImRqYW5nby5jb250cmliLmF1dGguYmFja2VuZHMuTW9kZWxCYWNrZW5kIn0=", "user": 5}}, {"pk": "nszf6a1b5yv0d37z7z0q3rxzzes0khbl", "model": "user_sessions.session", "fields": {"ip": "172.16.64.71", "last_activity": "2014-08-13T10:00:43.533Z", "user_agent": "Mozilla/5.0 (X11; Ubuntu; Linux x86_64; rv:31.0) Gecko/20100101 Firefox/31.0", "expire_date": "2014-08-27T10:00:43.532Z", "session_data": "N2E5YzNjYjI1OTI4OTFmYjE0NjYwOGQ1MDBhOWYyMmQ1M2IyNjg0NTp7fQ==", "user": null}}, {"pk": "o3o4210z5wzo0ntxutw6uhqnuduyfp6q", "model": "user_sessions.session", "fields": {"ip": "116.202.36.232", "last_activity": "2014-08-17T14:05:30.561Z", "user_agent": "Mozilla/5.0 (X11; Ubuntu; Linux x86_64; rv:31.0) Gecko/20100101 Firefox/31.0", "expire_date": "2014-08-31T14:05:30.560Z", "session_data": "ODVhZTAxNWUzNGM1MTYzMDdjNzBjYWExMjA3N2ZkOTJhZDczMGRiNDp7Il9hdXRoX3VzZXJfYmFja2VuZCI6ImRqYW5nby5jb250cmliLmF1dGguYmFja2VuZHMuTW9kZWxCYWNrZW5kIiwiX2F1dGhfdXNlcl9pZCI6MTF9", "user": 11}}, {"pk": "qeo99wgifm52quu772s3q4fb38v2l4ol", "model": "user_sessions.session", "fields": {"ip": "127.0.0.1", "last_activity": "2014-08-14T06:35:48.611Z", "user_agent": "Mozilla/5.0 (X11; Linux x86_64) AppleWebKit/537.36 (KHTML, like Gecko) Ubuntu Chromium/36.0.1985.125 Chrome/36.0.1985.125 Safari/537.36", "expire_date": "2014-08-28T06:35:48.611Z", "session_data": "N2E5YzNjYjI1OTI4OTFmYjE0NjYwOGQ1MDBhOWYyMmQ1M2IyNjg0NTp7fQ==", "user": null}}, {"pk": "tb7dabrgwgyedcgky5jws93frtiu9ohj", "model": "user_sessions.session", "fields": {"ip": "117.198.120.165", "last_activity": "2014-08-18T18:12:41.885Z", "user_agent": "Mozilla/5.0 (Windows NT 6.1; WOW64) AppleWebKit/537.36 (KHTML, like Gecko) Chrome/36.0.1985.143 Safari/537.36", "expire_date": "2014-09-01T18:12:41.884Z", "session_data": "ZGI1NDI2OWYzYzUyMDg3ZjllMTBjZDg1YzMyMGJhNTVkNzg3ODlmYTp7Il9hdXRoX3VzZXJfYmFja2VuZCI6ImRqYW5nby5jb250cmliLmF1dGguYmFja2VuZHMuTW9kZWxCYWNrZW5kIiwiX2F1dGhfdXNlcl9pZCI6MTN9", "user": 13}}, {"pk": "yuw8auxyeygrnaks1dxyprxi0aqswblo", "model": "user_sessions.session", "fields": {"ip": "127.0.0.1", "last_activity": "2014-08-13T11:14:10.860Z", "user_agent": "Mozilla/5.0 (X11; Linux x86_64) AppleWebKit/537.36 (KHTML, like Gecko) Ubuntu Chromium/36.0.1985.125 Chrome/36.0.1985.125 Safari/537.36", "expire_date": "2014-08-27T11:14:10.860Z", "session_data": "NTg4ODA2N2I2OGFmMjMyNzdiYmFlZWVhZjE2YTJmODJmMDg5YzBiZDp7Il9hdXRoX3VzZXJfYmFja2VuZCI6ImRqYW5nby5jb250cmliLmF1dGguYmFja2VuZHMuTW9kZWxCYWNrZW5kIiwiX2F1dGhfdXNlcl9pZCI6Nn0=", "user": 6}}, {"pk": 1, "model": "listing.userprofile", "fields": {"Notifications": [2, 65, 66, 87, 101, 104, 106, 111, 118, 124, 127, 128, 132], "user": 2}}, {"pk": 2, "model": "listing.userprofile", "fields": {"Notifications": [39, 190], "user": 3}}, {"pk": 3, "model": "listing.userprofile", "fields": {"Notifications": [44, 47], "user": 4}}, {"pk": 4, "model": "listing.userprofile", "fields": {"Notifications": [5, 8, 18, 29, 34, 36, 38, 40, 42, 43, 45, 49, 53, 59, 63, 67, 71, 82, 88, 96, 102, 107, 114, 138, 144, 156, 169, 183, 191], "user": 5}}, {"pk": 5, "model": "listing.userprofile", "fields": {"Notifications": [1, 4, 10, 12, 14, 15, 17, 19, 23, 26, 27, 30, 32, 51, 54, 57, 60, 64, 72, 74, 76, 80, 83, 89, 93, 97, 103, 109, 112, 115, 119, 130, 133, 139, 145, 151, 157, 164, 170, 177, 184, 192], "user": 6}}, {"pk": 6, "model": "listing.userprofile", "fields": {"Notifications": [35, 69, 77, 84, 90, 94, 98, 140, 146, 152, 158, 165, 171, 178, 185], "user": 7}}, {"pk": 7, "model": "listing.userprofile", "fields": {"Notifications": [16, 75, 78, 81, 85, 91, 95, 99, 136, 141, 147, 153, 159, 166, 172, 179, 186], "user": 8}}, {"pk": 8, "model": "listing.userprofile", "fields": {"Notifications": [37, 41, 46, 48, 50, 61, 68, 70, 73, 100, 105, 116, 135, 137, 142, 148, 154, 160, 167, 173, 180, 187, 193], "user": 9}}, {"pk": 9, "model": "listing.userprofile", "fields": {"Notifications": [86, 108, 120, 122, 125, 129, 143, 149, 161, 174, 181, 188], "user": 10}}, {"pk": 10, "model": "listing.userprofile", "fields": {"Notifications": [22, 25, 56, 123, 126], "user": 11}}, {"pk": 11, "model": "listing.userprofile", "fields": {"Notifications": [3, 6, 7, 9, 11, 13, 20, 21, 24, 28, 31, 33, 52, 55, 58, 62, 79, 92, 110, 113, 117, 121, 131, 134, 150, 163, 176], "user": 12}}, {"pk": 12, "model": "listing.userprofile", "fields": {"Notifications": [], "user": 1}}, {"pk": 13, "model": "listing.userprofile", "fields": {"Notifications": [155, 162, 168, 175, 182, 189], "user": 13}}, {"pk": 14, "model": "listing.userprofile", "fields": {"Notifications": [], "user": 14}}, {"pk": 1, "model": "admin.logentry", "fields": {"action_flag": 1, "action_time": "2014-08-13T11:12:49.475Z", "object_repr": "zahid", "object_id": "12", "change_message": "", "user": 1, "content_type": 9}}]